{"count":1,"self":5.9820552,"total":6.070259,"children":{"InitializeActuators":{"count":2,"self":0.0010019999999999999,"total":0.0010019999999999999,"children":null},"InitializeSensors":{"count":2,"self":0.00084499999999999994,"total":0.00084499999999999994,"children":null},"AgentSendState":{"count":14034,"self":0.0054979999999999994,"total":0.015508999999999998,"children":{"CollectObservations":{"count":2,"self":0.000269,"total":0.000269,"children":null},"WriteActionMask":{"count":2,"self":0.000157,"total":0.000157,"children":null},"RequestDecision":{"count":2,"self":0.005817,"total":0.009585,"children":{"AgentInfo.ToProto":{"count":2,"self":0.00062999999999999992,"total":0.0037679999999999996,"children":{"GenerateSensorData":{"count":2,"self":0.0031379999999999997,"total":0.0031379999999999997,"children":null}}}}}}},"DecideAction":{"count":14034,"self":0.063153,"total":0.063153,"children":null},"AgentAct":{"count":14034,"self":0.00694,"total":0.00694,"children":null},"AgentInfo.ToProto":{"count":2,"self":2.2E-05,"total":0.00044199999999999996,"children":{"GenerateSensorData":{"count":2,"self":0.00041999999999999996,"total":0.00041999999999999996,"children":null}}}},"gauges":{},"metadata":{"timer_format_version":"0.1.0","start_time_seconds":"1732086167","unity_version":"2022.3.28f1","command_line_arguments":"\/Applications\/Unity\/Hub\/Editor\/2022.3.28f1\/Unity.app\/Contents\/MacOS\/Unity -projectpath \/Users\/nyj500\/Unity\/Playing_SRPG -useHub -hubIPC -cloudEnvironment production -licensingIpc LicenseClient-nyj500 -hubSessionId 82af550e-96bb-489f-9bed-c74577b8b6bc -accessToken BscTgYh2fuQyuGrqWPnZKKtE-EZlUqJo0s2rMfnqPXM00df","communication_protocol_version":"1.5.0","com.unity.ml-agents_version":"2.0.1","scene_name":"MainScene","end_time_seconds":"1732086173"}}